{
  "total_tasks": 4,
  "success_rate": 1.0,
  "accuracy": 0.5,
  "avg_confidence": 0.6625000000000001,
  "timestamp": "2025-06-25T16:37:18.446661"
}